DROP TABLE IF EXISTS emp, dept, locations;

-- 1. locations 테이블 생성                     

CREATE TABLE LOCATIONS (
  LOC_CODE CHAR(2) ,
  CITY  VARCHAR(20),
  PRIMARY KEY (LOC_CODE)
);

INSERT INTO LOCATIONS VALUES ('A1','SEOUL');
INSERT INTO LOCATIONS VALUES ('B1','DALLAS');
INSERT INTO LOCATIONS VALUES ('C1','CHICAGO');
INSERT INTO LOCATIONS VALUES ('D1','BOSTON');

-- 2. dept 테이블 생성

CREATE TABLE DEPT (
  DEPTNO INT PRIMARY KEY,
  DNAME VARCHAR(20),
  LOC_CODE CHAR(2),
  FOREIGN KEY (LOC_CODE) REFERENCES LOCATIONS(LOC_CODE)
);

INSERT INTO DEPT VALUES (10,'ACCOUNTING','A1');
INSERT INTO DEPT VALUES (20,'RESEARCH','B1');
INSERT INTO DEPT VALUES (30,'SALES','C1');
INSERT INTO DEPT VALUES (40,'OPERATIONS','A1');
INSERT INTO DEPT VALUES (50,'INSA',null);

-- 3. emp 테이블 생성

CREATE TABLE EMP (
  EMPNO INT PRIMARY KEY,
  ENAME VARCHAR(14),
  JOB VARCHAR(30),
  MGR INT,
  HIREDATE DATE,
  SAL INT,
  COMM INT,
  DEPTNO INT,
  FOREIGN KEY (DEPTNO) REFERENCES DEPT(DEPTNO)
);

INSERT INTO EMP VALUES
(7369,'SMITH','CLERK',7902,'1980-12-17',800,null,20);
INSERT INTO EMP VALUES
(7499,'ALLEN','SALESMAN',7698,'1981-02-20',1600,300,30);
INSERT INTO EMP VALUES
(7521,'WARD','SALESMAN',7698,'1981-02-22',1250,200,30);
INSERT INTO EMP VALUES
(7566,'JONES','MANAGER',7839,'1981-04-02',2975,30,20);
INSERT INTO EMP VALUES
(7654,'MARTIN','SALESMAN',7698,'1981-09-28',1250,300,30);
INSERT INTO EMP VALUES
(7698,'BLAKE','MANAGER',7839,'1981-04-01',2850,null,30);
INSERT INTO EMP VALUES
(7782,'CLARK','MANAGER',7839,'1981-06-01',2450,null,10);
INSERT INTO EMP VALUES
(7788,'SCOTT','ANALYST',7566,'1982-10-09',3000,null,20);
INSERT INTO EMP VALUES
(7839,'KING','PRESIDENT',null,'1981-11-17',5000,3500,10);
INSERT INTO EMP VALUES
(7844,'TURNER','SALESMAN',7698,'1981-09-08',1500,0,30);
INSERT INTO EMP VALUES
(7876,'ADAMS','CLERK',7788,'1983-01-12',1100,null,null);
INSERT INTO EMP VALUES
(7900,'JAMES','CLERK',7698,'1981-10-03',950,null,30);
INSERT INTO EMP VALUES
(7902,'FORD','ANALYST',7566,'1981-10-3',3000,null,20);
INSERT INTO EMP VALUES
(7934,'MILLER','CLERK',7782,'1982-01-23',1300,null,10);